Fantasy,Land,Ocean,AverageWeight,ChineseZodiacYear,Domesticated,MaxLifespan
0,0,1,-0.5691230064899736,0,0,45.0
0,0,1,1.2880605483475311,0,0,200.0
1,0,0,0.9029713710666837,1,0,4500.0
0,1,0,-0.46828374432114067,1,0,18.0
0,1,0,-1.8395388597089648,0,1,16.0
1,0,0,0.7691082581461577,0,0,2000.0
0,1,0,-0.0831945670402939,1,1,15.0
